segment,k=0_t=11_r=1,k=0_t=11_r=2,k=0_t=11_r=3,k=0_t=11_r=4,k=0_t=1_r=1,k=0_t=1_r=2,k=0_t=1_r=3,k=0_t=1_r=4,k=10_t=11_r=1,k=10_t=11_r=2,k=10_t=11_r=3,k=10_t=11_r=4,k=10_t=1_r=1,k=10_t=1_r=2,k=10_t=1_r=3,k=10_t=1_r=4,k=11_t=11_r=1,k=11_t=11_r=2,k=11_t=11_r=3,k=11_t=11_r=4,k=11_t=1_r=1,k=11_t=1_r=2,k=11_t=1_r=3,k=11_t=1_r=4,k=12_t=11_r=1,k=12_t=11_r=2,k=12_t=11_r=3,k=12_t=11_r=4,k=12_t=1_r=1,k=12_t=1_r=2,k=12_t=1_r=3,k=12_t=1_r=4,k=13_t=11_r=1,k=13_t=11_r=2,k=13_t=11_r=3,k=13_t=11_r=4,k=13_t=1_r=1,k=13_t=1_r=2,k=13_t=1_r=3,k=13_t=1_r=4,k=14_t=11_r=1,k=14_t=11_r=2,k=14_t=11_r=3,k=14_t=11_r=4,k=14_t=1_r=1,k=14_t=1_r=2,k=14_t=1_r=3,k=14_t=1_r=4,k=15_t=11_r=1,k=15_t=11_r=2,k=15_t=11_r=3,k=15_t=11_r=4,k=15_t=1_r=1,k=15_t=1_r=2,k=15_t=1_r=3,k=15_t=1_r=4,k=16_t=11_r=1,k=16_t=11_r=2,k=16_t=11_r=3,k=16_t=11_r=4,k=16_t=1_r=1,k=16_t=1_r=2,k=16_t=1_r=3,k=16_t=1_r=4,k=17_t=11_r=1,k=17_t=11_r=2,k=17_t=11_r=3,k=17_t=11_r=4,k=17_t=1_r=1,k=17_t=1_r=2,k=17_t=1_r=3,k=17_t=1_r=4,k=18_t=11_r=1,k=18_t=11_r=2,k=18_t=11_r=3,k=18_t=11_r=4,k=18_t=1_r=1,k=18_t=1_r=2,k=18_t=1_r=3,k=18_t=1_r=4,k=19_t=11_r=1,k=19_t=11_r=2,k=19_t=11_r=3,k=19_t=11_r=4,k=19_t=1_r=1,k=19_t=1_r=2,k=19_t=1_r=3,k=19_t=1_r=4,k=1_t=11_r=1,k=1_t=11_r=2,k=1_t=11_r=3,k=1_t=11_r=4,k=1_t=1_r=1,k=1_t=1_r=2,k=1_t=1_r=3,k=1_t=1_r=4,k=2_t=11_r=1,k=2_t=11_r=2,k=2_t=11_r=3,k=2_t=11_r=4,k=2_t=1_r=1,k=2_t=1_r=2,k=2_t=1_r=3,k=2_t=1_r=4,k=3_t=11_r=1,k=3_t=11_r=2,k=3_t=11_r=3,k=3_t=11_r=4,k=3_t=1_r=1,k=3_t=1_r=2,k=3_t=1_r=3,k=3_t=1_r=4,k=4_t=11_r=1,k=4_t=11_r=2,k=4_t=11_r=3,k=4_t=11_r=4,k=4_t=1_r=1,k=4_t=1_r=2,k=4_t=1_r=3,k=4_t=1_r=4,k=5_t=11_r=1,k=5_t=11_r=2,k=5_t=11_r=3,k=5_t=11_r=4,k=5_t=1_r=1,k=5_t=1_r=2,k=5_t=1_r=3,k=5_t=1_r=4,k=6_t=11_r=1,k=6_t=11_r=2,k=6_t=11_r=3,k=6_t=11_r=4,k=6_t=1_r=1,k=6_t=1_r=2,k=6_t=1_r=3,k=6_t=1_r=4,k=7_t=11_r=1,k=7_t=11_r=2,k=7_t=11_r=3,k=7_t=11_r=4,k=7_t=1_r=1,k=7_t=1_r=2,k=7_t=1_r=3,k=7_t=1_r=4,k=8_t=11_r=1,k=8_t=11_r=2,k=8_t=11_r=3,k=8_t=11_r=4,k=8_t=1_r=1,k=8_t=1_r=2,k=8_t=1_r=3,k=8_t=1_r=4,k=9_t=11_r=1,k=9_t=11_r=2,k=9_t=11_r=3,k=9_t=11_r=4,k=9_t=1_r=1,k=9_t=1_r=2,k=9_t=1_r=3,k=9_t=1_r=4
feature,target,target,target,target,target,target,target,target,target,target,target,target,target,target,target,target,target,target,target,target,target,target,target,target,target,target,target,target,target,target,target,target,target,target,target,target,target,target,target,target,target,target,target,target,target,target,target,target,target,target,target,target,target,target,target,target,target,target,target,target,target,target,target,target,target,target,target,target,target,target,target,target,target,target,target,target,target,target,target,target,target,target,target,target,target,target,target,target,target,target,target,target,target,target,target,target,target,target,target,target,target,target,target,target,target,target,target,target,target,target,target,target,target,target,target,target,target,target,target,target,target,target,target,target,target,target,target,target,target,target,target,target,target,target,target,target,target,target,target,target,target,target,target,target,target,target,target,target,target,target,target,target,target,target,target,target,target,target,target,target
timestamp,,,,,,,,,,,,,,,,,,,,,,,,,,,,,,,,,,,,,,,,,,,,,,,,,,,,,,,,,,,,,,,,,,,,,,,,,,,,,,,,,,,,,,,,,,,,,,,,,,,,,,,,,,,,,,,,,,,,,,,,,,,,,,,,,,,,,,,,,,,,,,,,,,,,,,,,,,,,,,,,
2018-09-01,6534016.540540541,8787295.347826088,11701294.47826087,16325080.0,5962967.075949367,8508990.01,10508551.72413793,11840000.0,5685486.034482759,7066360.0,11024680.333333334,22737080.0,6915205.746031746,9290421.786407769,12740043.945054945,14010769.23076923,6029789.079365079,9273900.301886791,11489682.076923076,15411897.0,6075581.421052632,8267576.505376345,11035308.948275862,7600000.0,4214446.795698925,6175185.80495356,7888472.754545455,10451433.1,5315613.461538462,7862800.0,9459199.96,11058333.333333334,8043332.0344827585,11911757.42857143,16829959.931818184,19439799.769230768,7784422.875,12118558.30927835,14838052.025641026,17543333.333333332,3996874.130434783,5062340.454545454,12950000.0,12500000.0,5651012.974025974,8105957.7323943665,9624416.666666666,9366666.666666666,4953425.363157894,7019626.84962406,9268207.606557377,,5885377.358490566,7977915.789473684,10407193.440860216,13209090.909090908,11409626.233333332,15917508.613636363,24703748.625,37320400.0,8514718.991525425,12083958.620689657,18545488.83870968,20331866.666666668,6933634.912280702,10969590.102362204,13912688.116666667,18309729.416666668,6565380.658227848,7919792.597826087,10198620.689655172,12670000.0,7080365.30909091,9850109.666666666,12409877.457142858,,11364366.641025642,15486817.534391534,21378594.572519083,26392258.032258064,4297996.129032258,6126796.451612903,7524310.75,,5725372.347826087,8385992.064516129,9969306.451612905,11932714.285714284,10752630.663265308,12623852.935483873,15091462.029411765,24210000.0,7946289.807692308,10884247.778761065,16323989.156626506,16604603.636363637,5762368.258064516,8434752.361111112,11019670.4,15576926.666666666,5676348.141304348,7467119.78021978,9332881.592105264,9950000.0,5125690.91646778,7221056.16,9563114.536312848,11650851.42857143,6237499.975,9172096.28,11712707.31707317,11500000.0,5700531.406779661,7680872.246153846,10863627.464285716,,5780734.072072072,7626401.137142858,9960898.876404494,15680000.0,5389712.352941177,9040704.346153846,11207225.8,17965980.0,6072930.683168317,8333668.375,12219287.375,11175000.0,7154004.216216216,10247686.096774194,14939494.384615384,,6073203.503496503,8760918.029850746,12363144.736842103,17628571.42857143,9909186.566037737,15088949.375,17526546.8,19918270.8,7418537.655737705,11069744.955357144,15385256.226666668,22100000.0,10319169.818181818,13736621.75,16873672.111111112,,8329207.777777778,11940626.503184712,14439779.523809524,17904210.52631579,8799938.597402597,14101993.04477612,19703653.3125,23303080.0,8642743.171171172,13594942.156976745,17847444.651162792,20979411.76470588
2018-10-01,6268993.245614035,8695338.391061453,11833692.009433962,17737840.0,5918891.221153846,8674124.917910447,10390060.606060604,12264238.095238095,5463976.7,7237274.0,9898309.23076923,16685275.0,7070252.862068965,9631485.074626865,13193249.886363637,15266111.111111112,5762252.901098901,8956103.39361702,10897025.685185185,16876433.666666668,6023347.271739131,8335339.12345679,11159025.641025642,12900000.0,4400576.445283019,6423229.645901639,8305981.408163265,10825459.17857143,6000784.31372549,8164441.558441559,10453291.666666666,12262333.333333334,7957628.447619048,12140023.18852459,18076604.262626264,18439744.0,8802903.60576923,12449991.618421054,17361971.826923076,22156666.6,3801975.8139534886,5690302.857142857,8765766.666666666,11650000.0,5678764.705882353,7798658.153061224,10363933.333333334,12012500.0,5111496.311926605,6987541.878504673,9047272.91935484,,6202878.385826772,8269445.2890625,11242083.333333334,12774937.5,11424059.166666666,13595321.387755102,19289190.24,25288824.0,8812451.005847953,13581891.9339934,19345035.66046512,24886363.63636364,7012597.063492063,11139788.457142858,14675281.13235294,19769085.875,6508603.014705882,8855031.81060606,11062641.981818182,14062500.0,6940399.606382979,9790678.495412843,11376113.388888888,10676400.0,9532725.274336284,16085377.530172411,21630530.279503107,28082647.039215688,4596970.770491803,6307421.593220339,8301465.96969697,,5586620.689655173,7772010.555555556,10336704.807692308,13920000.0,9682334.626582278,12803960.3375,18308569.652777776,23626624.0,8813695.20661157,11442638.542168677,15621637.23529412,20521428.57142857,5826219.875968993,8345297.0625,11483326.697674418,15504300.0,5734564.568965517,7567113.279661017,10120459.75862069,25120000.0,5224693.149659864,7492793.332446809,9777435.170454543,11483920.625,6565457.627118644,9407628.57142857,11969666.65,10891685.714285716,5667782.987179487,8173463.625,10737406.36734694,16746000.0,5899274.615384615,7517857.631868131,10244597.798165135,12585928.57142857,6254319.844827586,9924595.964285716,12249575.444444444,15100000.0,6333337.338235294,9070846.933333334,12411676.308270676,13656020.0,6734211.388888889,10726605.054945055,14370711.0,19806921.888888888,6317139.38121547,9124522.38372093,12221734.021276595,21011111.111111112,9450914.5,13950113.453125,17780212.96875,19031671.111111112,8462840.514018692,10119757.44347826,15814683.010638298,21620000.0,9039884.25,12914171.795454543,18692132.464285716,17883546.0,7489063.484126984,10686659.111587984,15201201.868421054,16650000.0,8998070.685185185,13680838.895522388,19521715.519230768,24295550.0,9166560.93277311,12758924.304526748,17890278.84864865,21856086.95652174
2018-11-01,6385188.093457944,8609074.609756097,12267168.293333331,19150600.0,6136470.724409449,8653708.818897638,10818197.85925926,12373333.333333334,5975881.055555556,8391267.11764706,11900159.133333333,15494333.333333334,7051432.834782609,8996106.382978724,12416851.833333334,16108277.777777778,5857049.358974359,9171743.346938776,11163298.090909092,15906522.75,6112016.732673267,8633977.580952382,11538412.535714284,14264285.714285716,4438725.563706564,6671245.0728862975,8220843.880952381,11259414.583333334,6003880.0,8136629.615384615,10284137.896551725,13466333.333333334,8114209.746835443,11293616.62745098,15461829.06,20326194.0,7838744.188679245,11233308.443609023,15291199.43478261,20357071.42857143,3913029.611111111,6446374.583333333,10520670.0,10800000.0,5857333.32183908,8100019.40776699,10373793.103448275,12750000.0,5395996.136363637,7444167.170940171,9742554.0,,6187249.991935484,8391377.823943662,11489647.050420169,13450000.0,12100500.078947367,15527733.527777778,24909978.5,30494922.5,9322906.25,13376568.09486166,18243974.469387755,22155120.0,7260708.529411765,11138574.569230769,15135772.101265823,20453889.444444444,6249284.872093023,8100977.8523489935,10398926.315789474,11784285.714285716,5969614.509433962,15852945.904761905,19743615.407407407,31000000.0,11088721.481132075,17406263.739336494,22622749.310344823,28219250.0,4587249.2,6380487.542372881,8020401.4,,5884166.666666667,7673287.069767442,10794255.645833334,12210000.0,9578756.505494503,12586998.178947369,17506992.53846154,23043248.0,7301749.125,10547077.831325302,16854060.860869564,20512500.0,6028280.021739131,8768568.27586207,12905785.405405406,15580950.0,5916333.315315316,7261755.545454546,9262640.426966293,12709888.888888888,5144297.182608696,7411262.309734513,9729501.9375,12070355.0,6418106.115942029,8608929.188405797,12434450.866666667,11000000.0,6457040.406451613,9403484.65,11468064.666666666,14945000.0,6030499.992857143,7373619.502617801,10192141.78358209,16104705.88235294,6380342.226086956,9272085.588235294,10947638.291666666,14809627.75,6235419.436090225,8871784.413173653,10980308.241666667,13550000.0,6722041.3125,9907223.53125,13629892.07142857,20467259.5,6422689.402985075,9018587.303030305,12601508.051282052,15941787.818181818,9510445.057142856,13358658.57142857,18925488.789473683,19156612.727272727,8077147.049019608,10616139.09774436,16690890.0,15120000.0,9433201.64,14303649.68,20182708.77083333,25135097.0,8449410.852713179,10995323.234042551,15025610.770833334,20481974.285714287,9986391.722689075,16283153.25203252,21641039.722891565,26660538.307692308,8964344.291044775,12966641.6625,17448040.786206897,22415882.352941178
2018-12-01,6180562.89849624,9427717.555891238,12845468.451737452,14849825.0,6113462.402298851,8610884.03896104,10951334.435897436,13433533.333333334,6051540.360655738,7628482.5,10090941.76470588,11006550.0,6777624.567567567,9697504.788732396,12344904.26153846,14114650.0,6092809.864197531,9470122.987012986,11856704.62589928,16354230.0,6037194.0298507465,8801293.243243244,11570093.734375,12814833.333333334,4698580.24742268,6942375.757238307,8807272.177884616,11478873.333333334,5707866.140350877,7909478.888888889,9256952.962962965,9646540.5,7869840.665236051,11469954.551569508,14309268.087837838,18588405.6,7433541.672727273,12190358.074468086,16897205.479452055,20147375.0,3948975.694444445,5894870.769230769,9438681.538461538,9950000.0,6080449.1632653065,8203036.463414635,10932916.666666666,12563333.333333334,5467549.816143498,7626312.5369261475,9986393.592814373,,5866103.862903226,7858908.588235294,11140295.01234568,15448333.333333334,11363857.57142857,14701148.576271186,24104359.82926829,21107751.0,9012272.413793104,12995062.698412698,19386695.3046875,21600285.714285716,7143770.269230769,10939104.092964824,14789361.714285716,19661371.88235294,6306530.6122448975,8898053.208955225,10863821.307692308,13696250.0,7667889.873015873,13675571.91304348,13692627.58064516,9995469.0,9470476.218390804,16044943.345454546,22022974.354330707,28326620.962962963,4924727.736842105,6407968.229166667,8936167.181818182,,5770807.692307692,8150597.678571428,11415000.0,10500000.0,7738096.102739726,12132471.42857143,15780388.088435374,36029750.0,7278450.0,11106045.361111112,16553824.09859155,19244500.0,6271326.301339285,9221736.64921466,12628589.18367347,15738082.5,5588149.519230769,7545878.441558441,9750288.507462686,13700000.0,5427915.746253747,7685506.75,9761185.605597964,12016309.47368421,6292181.914893617,8748287.547169812,11513714.905660378,13812133.333333334,5840163.996539792,9262535.49557522,11902905.67948718,15608750.0,5970092.420168067,7561992.055555556,10829733.333333334,15616363.636363637,6136552.172757475,8939377.718390804,11454671.82320442,15925684.0,6135814.986111111,8884366.967213115,11448608.458333334,15775000.0,7094788.846666667,11036325.875,15429310.585714286,21956390.15,5863312.912891986,9364251.829493089,11906013.608108109,16880113.1,9346516.137931034,14866041.376404494,18932973.169014085,20223252.85714286,7503687.24137931,12475587.730337078,16192459.563380282,14325840.0,9504525.232876712,11348517.30516432,18825994.772727277,19686223.666666668,8293021.655172414,10986273.888888888,15147112.234693876,20922222.222222224,10185015.285,14697245.463414634,19363429.54037267,28334940.0,8180086.472972973,12663099.603896104,17757029.702970296,24786583.33333333
2019-01-01,6252798.275862069,8948277.647619048,12913734.23529412,15362368.75,6359542.296296297,8648574.712643677,11142577.506849317,14288461.538461538,5609250.764705882,7716186.888888889,12018360.0,11280900.0,6505879.198019802,9251649.337662335,12802971.414285714,11700000.0,6554889.927007299,9992261.950819671,13514536.368421054,17430677.64,6462850.975609756,8681909.090909092,13030956.55357143,13100000.0,4800586.648854962,6675155.98989899,8509301.5,11088675.0,6048063.808510638,8953404.761904761,10884615.384615384,10400000.0,8342535.25862069,11845615.648148147,15416658.857142856,18115690.0,7718156.25,11833171.690909091,16045549.986111112,19136619.04761905,4103095.2,6572256.428571428,10504620.0,9800000.0,6029446.428571428,8648591.549295774,11318721.42857143,13485000.0,5542777.25,7773757.48,9812999.93478261,,6587736.831578948,8657387.378378378,10954049.3814433,13045999.933333334,13113050.0,18058609.272727277,26913464.56,35212893.5,8914406.025641026,13646520.231213871,18724270.675159235,23362375.0,6802275.014492754,10977356.463414634,14646867.903846154,19638608.0,6863650.196078432,8934282.051282052,10756935.5,14122857.142857144,7578547.183673469,11139916.433333334,13422895.0,19678383.0,10517536.675,16987130.77631579,20573513.063636363,27918931.42857143,5218630.169230769,7080172.540540541,9705418.384615384,,5974629.696969697,8521765.222222222,10830276.08695652,13950000.0,9666456.073394496,16224544.15730337,21250496.029411763,33669007.5,8186777.777777778,11030835.813432837,15523192.307692308,21014000.0,6341014.803921568,9154901.333333334,12862796.41025641,15895215.0,6174249.989583333,7877197.802083333,9948246.376811594,13800000.0,5827955.304812835,8004403.345679012,10183936.08,12547957.0,6941458.333333333,9471460.714285716,12832307.692307692,8900000.0,5874342.05882353,8878981.551724138,11617304.76190476,16272500.0,6293898.877777778,7822356.62937063,10682514.285714284,14372727.272727272,6488780.983050847,9635782.835664336,12315020.897727272,15745814.23076923,6563663.147368421,9256441.68067227,11529164.383561645,14140000.0,6172171.855072464,9890901.907407409,13599450.8,18669970.111111112,6214203.166666667,8757673.261904761,12037920.178082192,16100000.0,8880347.107142856,13735586.909090908,18523810.0,21386105.384615384,7988614.457831325,11352382.352941176,15207402.777777778,16573750.0,9005949.697674418,12844720.25925926,17707864.56521739,23642500.0,7512806.201550388,10881063.975609755,15829038.461538462,18094663.352941178,9268150.33,13352383.311594203,18998338.602564104,21676030.25,9160038.732673269,13323352.74566474,17242550.37984496,19160714.285714287
2019-02-01,6741962.417582418,9299496.857142856,13153709.391304348,15874912.5,6835201.191304348,9356905.643410852,11085957.620370371,12611666.666666666,6173108.228571429,7888172.416666667,11816483.2,15214650.0,7391781.25,10468633.333333334,14152173.3853211,18528571.42857143,6374558.302083333,10088573.416666666,13466325.462962965,15416443.666666666,6880042.098765432,9084682.375,11869011.942028986,14412222.222222222,5086218.83974359,6972340.418181818,8921682.393939395,11996155.583333334,6272208.333333333,8154760.869565218,12252911.76470588,15000000.0,8472628.75,12568833.507042252,17193919.55263158,23407710.0,8407457.107843136,12230114.285714284,16160802.083333334,20590000.0,4905968.315789473,7091043.333333333,9875975.0,9800000.0,6240884.602564103,8887152.94117647,10513712.725490196,13216000.0,5895938.226666667,8269791.888888889,11462016.923076924,,6541971.953271028,8583350.8,11199275.0,15700000.0,12812065.45945946,18362201.63636364,27849653.05882353,28517107.33333333,9123300.81300813,13820522.75464684,19607580.23952096,22245799.5,7114448.811764706,10915664.262295082,14729312.695652174,19664272.6,6815324.046296297,9194390.0,11017684.210526315,13383333.333333334,6069028.218181818,9673321.945054945,11888407.720588235,8737714.5,12187214.28,16879355.269607842,23655722.748538014,29156026.315789472,5359821.818181818,6661250.0,8996614.285714285,,6196516.202702703,8658087.935897436,11800158.73015873,13550000.0,11390795.793814434,16114472.692307692,22941328.0212766,32204285.90909091,7918134.633928572,12323329.460992908,16713811.5,19759090.90909091,6731582.911392405,9792709.18918919,12673202.92682927,16052347.5,5896333.324324325,8314595.238095238,10388767.12328767,12200000.0,5920517.943037975,8598500.325,10839830.636363637,11792727.0,7167578.323529412,9426093.734375,13284560.166666666,17499500.0,6676050.714285715,10058880.11904762,12391684.47826087,16936250.0,6367479.102362204,8186403.9408867,10769636.325396825,15046470.588235294,6788578.778688525,9405141.115107914,11729235.61971831,15105959.666666666,6849844.116788321,9157946.82,11750596.593220338,13900000.0,7131967.045454546,10212561.442307692,12943713.76470588,16906637.333333332,6638602.739726028,8960393.063583815,12477578.313253012,18154000.0,9511442.0,14326349.80851064,19124977.936170213,21521796.277777776,8544177.986486487,11258208.046979863,16641592.583333334,19882727.272727277,11491197.716981132,15215481.0877193,20527814.580645163,18392784.33333333,8419756.610294119,11014841.223350251,16292926.16535433,18692588.23529412,8975108.80357143,14283067.347826088,19090557.97260274,25632633.0,9341761.763779528,13451270.352459015,19373851.83950617,21329259.259259257
2019-03-01,6298725.092307692,9708034.41025641,13642561.150943397,16387456.25,7061646.208,9531342.053435115,11172562.31304348,15753000.0,5668010.770491803,7799720.666666667,12022695.592592591,19148400.0,7640625.978260869,9793159.283185842,14379348.403846154,17355857.14285714,6602721.009661836,9719475.333333334,12285659.51633987,16038259.666666666,6566421.739130435,9444215.413793104,12005081.578947367,16134500.0,5107154.255924171,7084683.323699422,9191090.515151516,12607173.25,6457858.823529412,9130857.142857144,11354186.046511628,14330000.0,8933102.701754386,12596377.73015873,17091390.8,21953855.0,8531264.583333334,12191177.610687025,18518069.336842105,18904736.789473683,4370547.619047619,6075262.666666667,10341457.5,9800000.0,6337030.769230769,8653071.42857143,11317580.8,11800000.0,5787632.677631579,7914858.81372549,9826747.037037035,,6699817.518248175,8926520.0,11247074.345132744,15071875.0,10202061.266666668,18058490.86956522,27430249.2,30012422.0,9844609.375,13923602.86124402,18670652.652173918,23904210.52631579,7272448.402173913,11008959.041322311,12826037.090909092,31000000.0,6707969.06185567,9316580.444444444,11450851.839506174,16438888.888888888,7741390.046875,11734707.862068966,17243536.151515152,12229114.5,12133687.569620254,18361926.55882353,25204206.65492958,29283133.33333333,5494708.694444444,7509346.415094339,9673559.25,,6269298.823529412,8703528.735632183,10562874.930232558,11779600.0,8880173.974358974,16545762.106666667,20029011.163265307,33133283.33333333,8829379.99,12384479.452054797,16778203.87378641,22202173.91304348,6454857.444444444,9279205.944444444,11356460.0,16209480.0,6173234.611570248,8412906.976744186,10576564.705882354,11510000.0,5893521.122641509,8452784.357466063,9906029.918032788,12188000.0,7321692.307692308,10193981.818181818,12093301.587301588,17833333.333333332,6535094.489361702,9774110.029411765,11449876.666666666,17600000.0,6335149.96,8089021.380952381,10942699.578947367,16087500.0,6756139.4754098365,9455086.132743362,13823143.23076923,12750000.0,6605481.375796178,9295287.817708334,12138323.157024791,13328571.42857143,7367730.171428571,11011298.82857143,16139024.307692308,16059801.0,6646732.991596638,9620748.299319727,12258938.0,13448382.8,8910582.365853658,12909612.449275363,21413881.09090909,10686450.0,8078310.376623376,12633379.02173913,15992000.0,16712000.0,11780062.73076923,15588778.488372091,23239899.41935484,30141333.33333333,8382446.153846154,10838717.62385321,16165674.796747968,19631000.0,8499201.989898989,12481026.5390625,17786469.82926829,21335700.0,10016558.968503935,14247796.095435685,19037507.35928144,25896000.0
2019-04-01,6827156.555555556,9384003.457831323,13682376.468085106,16900000.0,6964211.061403509,9166020.181818182,11664476.365591398,11832222.222222222,6182868.3125,7404661.838709678,13653283.07142857,23082150.0,7827365.513513514,10208084.093457945,13958952.5,17565560.545454547,6384063.224719102,9954131.305825245,13925364.703488372,17528751.0,7075647.5,9510124.37113402,13075306.451612905,16018337.5,5166530.244444445,7161757.351145038,8810417.654545454,12703912.0,6384772.340425532,9495921.875,10952108.108108109,12495000.0,8341861.7169811325,12937641.6,16369252.615384616,20500000.0,9123256.265822783,13290402.046357617,16430573.91044776,19518727.272727277,5520747.0,6914028.0,11188790.909090908,9800000.0,6446494.370786517,8735561.419753086,11365533.333333334,16500000.0,6110897.493333333,8612850.708333334,10640069.166666666,,6618465.402439024,8528795.522292994,11620549.58677686,14771812.5,11094494.078947367,15844585.837837838,23475114.8,23483601.666666668,9943996.0859375,14326361.713675214,18497951.80120482,19011736.842105266,7663146.7808988765,11284183.189542484,12899101.469879515,27326430.733333334,7062288.649484536,8888384.615384616,10941876.268656716,10000000.0,7883348.746268657,9517776.692307692,11718943.962962965,20752743.0,10987887.033707865,18417684.925,25262734.44537815,26121428.535714287,5756650.521739131,8039290.0,11856000.0,12000000.0,6266172.847457627,8212771.428571428,11036376.957446808,12690000.0,10521670.992125984,15889257.587209305,21240527.3627451,29677043.33333333,8461288.657142857,11991166.12080537,15444598.13084112,24995000.0,7292781.781690141,9925616.595092025,15524880.64516129,16181147.407407407,6520076.851851852,8934035.368421054,9871719.986666666,11844444.444444444,5726527.148148148,8220468.860465116,9148229.596774194,11838000.0,7020146.433734939,10219153.636363637,12606747.127659574,14190000.0,6620441.135593221,10032488.596153846,13558052.857142856,14500000.0,6437327.090277778,7932525.18018018,11295846.601694915,16316000.0,7009953.440789473,10002980.956097562,12802509.476923076,16050219.0,6858638.798780488,9252767.219354838,12215318.85,15177142.857142856,6709060.592592592,11293448.545454543,15076307.0,16163750.233333332,6616652.884297521,9463123.257861637,12272457.93457944,19821000.0,8957914.870967742,12192634.833333334,18508041.56,26500000.0,8440357.358974358,12331928.461538462,16103589.02739726,20659266.666666668,9614061.826086955,16374984.946666667,20408115.30232558,38572500.0,8377341.981981982,11663073.653333334,16372136.373134328,15921818.181818182,8424861.973214285,13309940.857142856,18556837.625,31672704.0,9695566.714285716,13859809.796875,18088794.31007752,23728571.42857143
2019-05-01,6772140.948275862,9537184.836065574,12996326.68292683,16200000.0,6920354.4453125,8920858.588235294,10845070.81632653,11383333.333333334,5323739.564102564,6987294.0,10494782.047619049,24572166.0,7313613.2289156625,10841968.349514564,14721922.053763442,17991718.666666668,6461561.594594595,10095892.242424242,13217917.681818182,15364918.333333334,7122451.219512195,9458833.458333334,12420299.137931034,13711111.111111112,5112451.071770335,6870962.841121496,8610038.336956521,12733000.0,6584872.69090909,9318165.063492063,11958121.951219512,13000000.0,7028476.883720931,10519867.23529412,11016953.176470589,20237050.0,9077731.2,12625624.742574258,16511434.417910447,19114411.111111112,5171967.2,7630586.25,10539603.0,9800000.0,6511069.76744186,8732693.243243244,11430700.0,14745000.0,6345095.945945946,8113777.125,9577797.0,,6719627.9069767445,8809185.17037037,11843107.516129032,14798090.818181818,9683093.902439024,13733621.11627907,20146733.60714286,20694462.5,9885839.82300885,13460123.266055046,18853477.77222222,21700000.0,7396497.475806451,11156354.23076923,13179634.7,23652861.466666665,6944483.134831461,9120892.857142856,11680787.638888888,14842857.142857144,6070557.256410256,9038078.513888888,14980349.05882353,29276371.5,11813475.357142856,17028525.136094674,24216002.31304348,27392375.44827586,5809609.0,8109205.166666667,11041296.25,11582500.0,6267530.851851852,8663925.925925925,11697068.089285716,14442857.142857144,10222588.074468086,15087902.80263158,20138441.173076924,35616727.27272727,8610307.17,11491425.641891891,17025295.8125,21142857.14285714,6789617.626666667,9850410.4,11302371.666666666,16152814.814814815,6377396.377952756,8093877.685950413,9734157.242105262,11977777.777777778,5797848.571428572,8185450.534782609,9519957.12371134,11889866.666666666,7394280.247058824,9819220.164556962,13208538.12244898,16250000.0,6723432.5,9786118.87804878,13648346.095238095,19500000.0,6416630.476190476,8153275.448863637,11144895.333333334,17261428.57142857,6857822.382978723,9648052.746376812,14710906.91025641,17065000.0,6858675.674074074,9569341.833333334,12402415.128440369,15291428.57142857,6875641.090909091,10951548.083333334,16991183.333333332,16267699.466666667,6542922.333333333,8977844.133333333,12933614.572916666,22360000.0,9430295.108108109,14200058.637931034,21424264.79310345,24779502.923076924,7987627.028571429,11960640.361702127,16481089.743589744,24038777.777777776,10500301.696969695,16218496.86440678,19254622.926829267,31162182.0,8559130.25210084,11801733.222222222,15926604.144067796,20319230.769230768,9304851.507692307,14354966.992857143,17426896.755102042,25720369.0,9899233.333333334,13206909.24090909,18410082.35151515,22945333.33333333
2019-06-01,6695771.344827586,9582778.202702705,12721835.71830986,15500000.0,6671831.638655462,9159208.57009346,11356679.320388349,14600000.0,5578958.225806451,7074785.407407408,10091530.0,14856474.0,7308734.960784313,10849353.909090908,14107593.75,18134493.125,6298397.875,10200574.660194175,13857881.528409092,14955678.28125,6819678.586666667,9634184.3375,12374182.793103447,14478000.0,4957976.725806451,6798629.36101083,8800977.049586777,11789960.0,6668038.461538462,9215396.551724138,11729576.923076924,11450000.0,7162131.423357665,10338338.74074074,13814374.645833334,19974100.0,8617732.662790697,13344852.085106382,17527080.98529412,20830000.0,4598384.590909091,7036895.8,11338864.705882354,9800000.0,6507625.0,9204769.23076923,11706939.393939396,12990000.0,6477158.256410256,9425024.535714284,13265753.84,19832760.0,6611868.276119403,8639192.85135135,11058172.88,14852900.0,9018076.484848484,12861192.0,21220490.2,27119681.625,9290536.067669174,14315147.95927602,20390009.527607363,24049285.714285716,7049896.97368421,11092649.591304349,14575242.705128206,19979292.2,6944549.966666667,8927940.333333334,11132116.290697675,14093333.333333334,5458345.816993464,7639090.0612244895,10382125.51111111,37800000.0,14604832.277777778,17734676.292207792,25460519.710280374,29451928.57142857,5016219.0,5718781.333333333,8007787.5,11165000.0,6357465.909090909,8874333.333333334,11938039.215686277,13405571.42857143,9786152.816037737,14645390.00877193,20366707.24806201,31688971.42857143,8342039.791666667,11857642.335766423,16400220.731707318,22873000.0,7015340.547945205,9948127.57142857,12775100.0,16124482.222222222,6132956.8965517245,8297020.821428572,10437328.09375,10250000.0,6009074.617283951,8469022.972222222,10339138.21686747,12805213.333333334,7439927.272727272,9816809.523809524,13007114.257142857,12020000.0,7344135.012738854,10558180.288235294,13195382.82022472,19596780.875,6507998.298387097,8282889.431693989,10939670.307692308,14398000.0,6799436.823529412,9890151.151291514,12709972.6372549,16713585.4,6854782.73381295,9219055.774725275,12545019.516853932,13500000.0,6767241.944444444,9611735.72868217,13320051.26,16371648.7,6705708.926829268,8946919.186046511,12578618.421052633,23913000.0,9625731.954545457,13958241.809090909,19504744.923076924,23059005.846153848,8605099.790123457,12703422.683760684,16441925.931818182,18240000.0,8196131.29032258,15233442.454545457,16934170.916666668,26243485.0,8321272.3771929825,11586973.869791666,17248761.363636363,20350000.0,9034606.56707317,13010867.384615384,18168759.33027523,23026688.33333333,9843642.201834865,14525320.6,17749487.984,22725418.181818184
2019-07-01,6751273.543478261,9629365.62264151,12947243.875,15811319.8,7036430.416666667,9288320.023809524,11308333.784482758,13789583.333333334,5629862.341463415,7531114.548780488,12834358.423076924,20698657.14285714,7167835.191489362,9961732.394366195,14159985.17037037,17442500.0,6897279.544303797,10329254.257575758,12512280.045454543,16770408.5,6675191.135416667,9654723.66972477,11570282.333333334,9991250.0,5161158.731707317,7003814.0739436615,8915730.007407408,12411410.0,6707954.953488372,9083808.510638298,11589400.0,13350000.0,7581199.129032258,11738040.220338983,15787804.029411765,19505076.666666668,8575665.8375,12620652.857142856,16509400.337837838,20990363.63636364,5396223.423423423,7726688.940366972,11154763.875,9800000.0,6543782.594202898,8893259.311827958,11464755.555555556,11400000.0,7132138.047619048,10310789.8,11987862.375,19058208.0,6466743.74375,8438773.714285715,11457397.689655172,15356153.846153846,11074618.347826088,17574140.588235293,23592144.181818184,33544900.75,9826162.216,13476027.649769586,18738008.19672131,22538000.0,7330656.226666667,10967374.16058394,16068428.328947367,20315510.0,7154812.048192771,8969736.434108527,11460144.56626506,12848000.0,5624385.409090909,9737068.6875,11210547.048780488,38197233.333333336,11618041.839506174,17479293.51470588,24703984.2,28229960.0,5477324.666666667,7671480.652173913,9714456.888888888,10747500.0,6161701.950980392,8534188.118811881,11623766.035714284,10140000.0,9781480.236486487,14893312.429850746,21493039.687022906,35050489.0,9120481.025641026,11804769.99270073,17184505.80232558,17570000.0,7038603.186813187,9865350.95890411,12885916.666666666,16164340.0,6169125.0,8365260.0,10821682.811881188,11058000.0,5972249.575129534,8462240.135678392,10356725.947916666,12479211.42857143,7066316.564102564,10380212.236842103,12333738.461538462,22933333.33333333,6934323.618421053,9396450.054054054,12362451.904761905,19693561.75,6420998.61878453,8045515.695876288,10499437.49107143,13350000.0,6666509.683168317,9648308.028301887,12280386.88235294,18153123.0,6771618.964705883,9543629.696969695,12281473.875,16005555.444444444,6924160.708955224,10022412.43884892,14586685.186666667,17119260.166666668,6737192.04375,8494477.98224852,12215774.244680852,16185000.0,9388469.0,13616488.933333334,20866821.37254902,25876269.166666668,8520754.982300885,11367756.62580645,17401122.0,19816666.666666668,9912279.892857144,13636829.375,17735762.11320755,21324788.0,8419503.808139535,11234679.84347826,16641244.058333334,21038125.0,11327441.048192771,15896332.457478004,20442081.5,24391302.0,9009547.664335664,14092051.343220338,19464218.83552632,20004333.33333333
2019-08-01,5905854.756756756,9335668.666666666,13605012.0,16122639.6,6909741.554216867,9307537.614285717,11895271.604938272,13415000.0,5500565.078125,7163408.490909091,10123044.61904762,12074500.0,7379785.7,10328666.666666666,13500548.780487806,17728750.0,4919440.610169492,7195737.553571428,9511785.2,16736549.625,6706195.816666666,9576541.031746032,11746883.65116279,15100000.0,5301860.305785124,7245736.521739131,9009935.714285716,11597740.07142857,6540966.225,9521606.540983606,11976296.296296297,14500000.0,6559190.518518519,9906109.017857144,13631003.068965515,19756890.0,8084986.553571428,11253894.31147541,16408726.470588235,24245000.0,5358349.875,7891316.666666667,9418863.333333334,9800000.0,6490416.438356165,9033357.142857144,11614183.921052633,13790000.0,5630404.928571428,7950329.533333333,11487803.666666666,18283656.0,6901849.8375,8856714.285714285,11339746.015873017,13735000.0,10599036.85,17487729.666666668,22179750.5,33586027.0,10081157.89473684,13232725.654867256,19590521.505376343,21118181.818181816,7328431.5,11414874.552238803,15054173.875,21171013.5,6926007.303571428,9181229.794520548,12168469.611111112,20022500.0,5811665.610169492,12739165.8125,11765824.0,38594466.666666664,12096511.42857143,19266729.095238097,21942156.626506023,30677559.96,5312571.428571428,7921783.333333333,7975000.0,10330000.0,6297823.529411765,8351758.194444444,11357527.777777778,15230000.0,8509777.98245614,15951705.24489796,23269692.097560976,33300000.0,9198124.82142857,11918163.850467289,18813557.926829267,25447296.25,6174999.459459459,9158144.838709677,11969124.666666666,14500000.0,6392388.617283951,8423836.079207921,11183015.59375,10340000.0,6313089.872180451,8560256.06081081,10238381.0,12833968.0,7471599.096153846,9805893.891304348,11831465.8125,28750000.0,6609870.848484849,9532623.702702705,12841067.75,19790342.625,6438727.804878049,8456707.876106195,10174457.971014492,18380000.0,6775029.285714285,9837227.306122448,12391629.555555556,15980000.0,7089403.80952381,9527498.163265308,12513361.206896553,17200000.0,6595002.244444445,9902966.257142857,15674344.5,21561944.0,6329781.059405941,8917907.89361702,11768723.40425532,18666666.666666668,9457323.777777778,14016703.553191489,21007229.60714286,23649410.0,8098342.571428572,11135863.692307692,15513306.076923076,21306500.0,9750235.0,14337531.227272728,17645946.454545453,20186270.875,8449046.277777778,11919279.107142856,16240214.781609196,20062867.9,12764167.370967742,16169530.12631579,22974142.416666668,30385604.285714287,10405063.55263158,14070399.461538462,19383954.457831327,22444076.923076924
2019-09-01,6426259.625,9761772.685185185,12910966.28,16433959.4,7078072.146853147,9158691.548611112,11889047.18,12922727.272727272,5435501.205479452,7308710.19,10824772.219512194,12489900.0,7814647.692307692,10365443.975308642,13179809.358974358,18393276.923076924,6482610.2578125,8736400.537414966,11361252.17977528,16702690.75,6943853.558333334,9047155.625,12154554.21686747,14157142.857142856,5411466.413157894,7324459.555555556,9335600.21978022,10784070.142857144,6379806.12244898,9041011.842105264,11957604.65116279,12837250.0,7084730.964285715,10325856.24,17471254.65625,21333185.2,8967987.56,12562178.8125,18183716.102564104,20386666.666666668,6762136.363636363,7607142.857142857,9918120.0,9800000.0,6731592.62962963,9134818.50617284,11835811.089285716,11885000.0,6436770.565217392,8845297.692307692,11660642.6,17509104.0,6726655.523255814,8850765.265306123,11900794.041322311,14103708.333333334,13340872.943181818,15461175.679425836,22494764.527027026,27413132.363636363,10000953.614864863,13682096.910569103,18931282.38235294,21425043.75,7685896.653061224,10956610.8,15348910.425531914,20395507.5,6579119.104347826,9305742.52866242,12102961.786885248,17004166.666666668,8421067.416666666,13020326.612244898,14225940.263157897,38991700.0,12952088.901960785,18556489.73837209,22856314.67549669,30484139.451612905,4655083.333333333,6244900.625,7741149.666666667,10389740.0,6146601.043103448,8778504.761904761,11402125.0,13188000.0,9310056.967741936,14915873.226804124,20716024.5,35086894.0,8903710.833333334,12632233.477419354,16600517.054054054,21263500.0,6600880.234375,9527521.8,12237880.0,14880822.8,6436198.62585034,8750684.071856288,10371847.8,12256666.5,6027393.519736842,8671847.100719424,10127967.36923077,12602953.0,7172302.767123288,10611940.25,11446689.981818182,14616666.666666666,6126264.384615385,8997819.333333334,11855775.0,19887123.5,6573491.614525139,8491327.823788546,11261653.710743802,13479333.333333334,6944720.663793104,9717306.843373494,12990822.825,17411811.0,7242204.283653846,9715073.925531914,12279720.385826772,15666666.666666666,7423302.23,10528888.848214284,13252000.80851064,15464136.0,6760447.97368421,9184529.69047619,12729322.222222222,16364285.714285716,10346041.826086955,13387649.851063829,21977197.34782609,24428482.0,8128316.608247423,11865518.590909092,15920702.742574258,20538202.53333333,9384398.989130436,12951601.46,17399757.265625,19047753.75,8280855.726744186,12136139.436507937,16202766.89361702,18023333.33333333,10485732.793814434,15191483.1971831,20694440.80821918,28634770.0,9772953.02962963,13780349.373786408,19223499.75625,25174854.25
2019-10-01,6456490.615384615,9527994.346153846,13253972.05263158,16745279.2,6686689.0672268905,9290634.146341464,11690294.098039215,12822999.9,5478152.770833333,7803526.132075472,10003096.387096774,12106275.0,7290505.04040404,10215999.136752136,13545181.726315789,16037777.777777778,6832815.958762887,10263611.084210526,12333379.733333332,16198807.333333334,7193317.1,9699368.854166666,12608139.215686277,15760000.0,5637434.642857143,7388954.585197935,9294263.551020408,10499648.736842103,6936140.845070423,8859402.486486487,11300804.0,12848571.42857143,8059665.863636363,11688074.290909093,17083172.541666668,30000000.0,9116230.628571428,13176322.916666666,18771341.776119404,19362499.875,6941406.0869565215,8512700.0,14833538.333333334,9800000.0,6663421.052631579,9024506.849315068,11074333.333333334,12942499.875,5686264.29032258,7499938.043478261,10545575.076923076,16734552.0,6665428.940789473,9073258.25984252,11625581.697674418,14225384.615384616,10393411.325581396,15775816.720930232,19814863.77142857,25686463.33333333,9046003.921568628,13540752.475247525,20109284.154471543,19966428.57142857,7340046.294117647,10983180.372093024,15161449.733333332,20917078.75,7362626.666666667,9270983.288888888,11537610.77027027,14959000.0,7174230.478260869,10374887.0,13754541.074074076,29184352.0,10899626.048192771,17823081.141891893,24461567.19512195,27843939.363636363,4750500.0,5921943.909090909,8106994.5,10449480.0,6034812.587628866,8457254.88235294,10362479.72413793,13520833.166666666,11345502.91304348,17838698.846153848,22911003.730769232,28084670.0,9647508.943181818,12648132.231404958,17086473.363636363,21700000.0,6523753.696969697,9931008.6,11725546.0,15261645.6,6321334.848484849,8461880.468468469,10483972.602739723,16127333.333333334,5854905.793478261,8211294.122641509,9671625.548387095,12720685.2,7453542.372881356,10342100.0,12554272.727272728,12495000.0,7290386.234375,9678732.375,11770319.418604651,19983904.375,6402676.916666667,8456704.591954023,10467488.360465117,14447300.0,7325357.512658228,10065318.127388537,14539176.198275862,22822894.0,7106974.714285715,9650995.958677689,13003896.888888888,15550000.0,7651433.0,11072044.333333334,12939500.0,16579000.0,6665531.90070922,9551138.461538462,12207172.402298853,21271428.57142857,9655180.4,14085262.142857144,20926504.529411763,20484227.5,8170572.88,13073421.834710743,14499518.08219178,17833333.333333332,10520026.53125,14481143.30927835,17263291.175675675,17928610.4,8638934.426229509,11994690.102272728,16174398.555555556,23884000.0,9477772.3875969,14458067.10218978,18807730.64473684,24529395.0,9797174.55263158,14281076.163934426,19386370.12987013,24942230.769230768
2019-11-01,7032871.625,9967478.43478261,14523175.368421054,17056599.0,6913379.563291139,9408284.643835615,11643078.808333334,14507500.0,5542790.777777778,7626470.806451613,10681320.888888888,11722650.0,7243668.831168831,10544111.103174604,13816545.454545457,16622882.294117646,7061499.654320988,10464768.215517242,13352059.168674698,17248077.6,6950050.083333333,9410245.663366336,11683239.130434783,13550000.0,5552452.4691689005,7432615.328735632,9290099.670781894,10851477.545454543,6515208.928571428,9187719.957446808,12129703.175,10983333.333333334,8313436.87978142,11410287.75909091,14464692.011235954,24082980.0,8448767.519480519,13136090.712765958,16473294.975,25300000.0,6388133.606557377,8817199.794117646,12076669.255617978,9800000.0,6659096.944444444,8974666.666666666,11646410.256410256,13999999.75,5743335.471264368,8043731.814814814,10636113.777777778,15960000.0,6677804.188811189,8906756.166666666,11510149.225,14232500.0,10911913.390243905,17010422.208333332,19729092.21212121,27541811.0,9269850.46728972,14534934.576419214,18996846.876623377,26847000.0,7565060.419354838,11308755.0,13351448.866666667,21099946.5,7188571.729411765,8988642.857142856,11732473.684210526,11864285.714285716,8573539.066666666,16840894.943661973,14285972.448275862,21620013.25,12036239.130434783,18595171.33333333,23047274.08196721,29236296.29629629,5701294.894736842,6962232.701754386,8082405.583333333,10509220.0,6209333.036363636,8322204.810810811,11628796.576271186,15311250.0,10172455.563380282,15421026.857142856,24710273.06451613,26811250.0,8966791.16091954,12150111.794701986,17738105.53773585,22128571.42857143,6693343.75,9120633.92857143,13459983.333333334,15642468.4,6352955.056962025,8354581.395348838,10612898.550724637,13495000.0,6537936.144230769,8737168.211267605,10324619.146067416,13465546.666666666,6772466.65,9878190.14084507,13703380.25,14908000.0,7205251.164835165,10239545.72972973,13194820.709090907,20080685.25,6416178.082191781,8189183.612745098,10367489.583333334,15505116.583333334,7643430.254237288,10564204.17142857,15149032.152173912,17411811.0,7139783.961538462,10135976.430656934,13021005.824742269,14000000.0,7673214.623376624,11446890.20754717,14417433.3,16338988.4,7021467.020689655,8808288.170588234,11961542.168674698,13699875.0,11000593.153846154,14789257.524390245,21376686.64516129,23021488.0,9113635.326315789,11715013.287671233,17758795.762711864,14099666.666666666,9947706.6,15173818.593406592,18156071.17808219,18911195.666666668,8630237.220588235,12061033.005376345,15603103.706896553,18086125.0,10880743.06722689,15401860.616883118,18346486.61607143,33790600.0,10062565.395683452,14450695.036199097,18983471.650406502,25263636.363636363
2019-12-01,6096765.697674419,10007230.771428572,12956853.727272728,15687732.666666666,6847924.568181818,9579437.4875,12150789.797468357,16801428.57142857,5745240.5,7529834.75,10313510.666666666,17567229.5,7485759.405797102,9690410.784313723,14497874.545454543,17140000.0,6488446.6,10248215.114503818,14249852.0,17899268.4,6859705.333333333,9909573.92857143,12779958.333333334,14950000.0,5567752.926356589,7444568.284132841,9195458.852112675,11413174.5,6501035.714285715,9149122.807017544,10960866.666666666,13550000.0,8228580.137931035,11843556.984615386,15298051.162790695,20302360.0,8829109.203125,13419034.48275862,18190970.545454547,21356250.0,6190656.790123457,8800484.018691588,12294363.849557525,9800000.0,6559106.260869565,9200847.826086955,11743939.393939396,15100000.0,5661449.773809524,8062058.4,9821534.736842103,17935000.0,6559421.824074074,9145018.685185185,11816015.873015871,15855333.333333334,12032372.411764706,19251871.2,23827807.57142857,34712050.0,9810667.23255814,14463903.5,19531350.45744681,26276538.46153846,8494212.448979592,12101784.714285716,18938741.760869566,20935218.0,7035515.8,9368353.846153846,11937893.583333334,11438000.0,8021812.377777778,9890216.804347826,14830691.423076924,20507218.5,11235957.207317073,18340036.52066116,23278919.24242424,25720476.19047619,5327764.444444444,7611369.571428572,8416988.142857144,11203404.0,6067038.32,8430570.619469026,10982666.666666666,11793333.333333334,10195668.580357144,13945048.548387095,21550546.979166668,25175625.0,8825136.275362318,12821348.831683168,17978801.356164385,20425000.0,6423269.8,9870463.611111112,13350566.0,16023291.2,6530352.679245283,8621151.15116279,10119114.492753625,13000000.0,6850315.375,9785610.213675214,11080428.07017544,12670978.666666666,7296575.757575758,10675714.2,12435098.533333331,17325835.0,7249262.351648352,10003286.597402597,14441060.75,20177466.125,6306083.453703703,8259115.840490798,10769983.025,12600769.23076923,7140527.930434783,10276351.54385965,13617536.172413792,21930000.0,7013031.048387097,9261489.06779661,12682154.731343284,20000000.0,7832940.283333333,11123772.239130436,13896582.023809524,17235621.333333332,6657894.72631579,9009193.48780488,12659848.469696969,19187500.0,8806778.371428572,14668550.544117646,21704638.344827585,22425681.42857143,8483235.264705881,13269010.752688171,16055267.407407409,17963333.333333332,10872418.75,15317337.297029704,16854370.11904762,28384135.0,8594880.285714285,11279667.333333334,15111398.21238938,20645454.545454547,10455653.227272728,15007942.927272728,16551778.837209305,31401900.0,8879762.6125,14009762.949685534,18170576.82278481,25676003.4
2020-01-01,7241250.0,15526666.666666666,14229673.0,14318866.333333334,7066065.393442623,9553103.896103896,11818800.0,11421122.222222222,6750000.0,16425952.4,15302192.333333334,15533614.75,7397377.753846154,10335826.26190476,14010735.83018868,14816666.666666666,8147083.80952381,11033082.666666666,15357600.777777778,19699836.0,6842746.031746032,9208876.530864198,12348463.414634146,17429999.8,6148333.042735043,7815605.118110236,9946129.51111111,10707476.25,7075968.75,9150849.03773585,11480000.0,16500000.0,10048139.4,13869802.045454543,16046650.57142857,23423136.0,9546171.840909092,13164816.446153846,18463520.83333333,25684326.666666668,6078661.129032258,8813013.358778626,12262968.719008263,9800000.0,6826579.365079365,8972641.176470589,12169393.93939394,15433333.333333334,7291666.666666667,10421142.857142856,12146500.0,19910000.0,6993658.11965812,9009592.592592591,11607295.283333331,15184000.0,13024150.48275862,19802163.68,22317369.88,25146819.0,10004849.756410256,14100129.94890511,20408478.260869566,22196333.33333333,8645764.8,11794285.714285716,15116993.333333334,21271701.0,7097374.986111111,9397597.014925374,11020383.115384616,13075000.0,11236430.56521739,14847501.444444444,21411098.125,29800000.0,11527349.37878788,15204285.68041237,23250982.75862069,21805350.0,4260100.058047493,5503414.319672131,6667134.4625,11289093.0,6187013.698630137,8369366.764705882,11510860.46511628,14950000.0,12203531.076923076,15306651.030303031,24585516.07692308,32410000.0,9136749.986842103,11651874.22,18004439.393939395,19336363.63636364,7748464.0,11053737.705882354,12877800.444444444,16404114.0,6605729.886597938,8415761.363636363,11929400.0,16469400.0,6244699.733333333,10241912.857142856,12317419.785714284,13100000.0,7408756.073170732,10206281.690140843,13105909.045454543,14200000.0,7287973.851851852,9439593.118055556,14805839.0,20274247.0,6656601.844660195,8210928.674418605,11918834.564102564,14700000.0,8050212.808510638,11150921.674418604,16593605.0,20624898.0,7680866.576576577,10234558.19548872,13191644.611111112,19949500.0,7963265.0,10724778.181818182,13999817.0,18382028.888888888,7128989.47368421,9557184.201754386,13147223.850746268,18128571.42857143,9133018.142857144,15841532.75,19337194.0,22263471.0,8474669.93939394,11880610.54,16517578.531914894,18325000.0,14265233.0,20035449.25,21896535.0,30830981.0,7721151.465346535,11085381.413793104,14551999.986486487,15882500.0,10496366.904761905,17290994.423529413,22077751.234375,26809118.0,9320622.693333331,13771552.780487806,19265169.67948718,28647063.75
2020-02-01,7519999.857142857,12182500.0,12200000.0,12950000.0,7030876.10619469,9515112.352272728,11235193.903225806,14850000.0,5912481.111111111,14969231.833333334,10040000.0,13500000.0,7646574.689655173,10654778.350515464,13104164.383561645,16096800.0,7969701.5,11397600.875,15268833.636363637,20216489.55,7240371.320512821,9707577.753623188,12335691.159090908,17216666.666666668,6570535.242236025,8366644.115879828,10599673.879310343,11704283.8,6521862.903225807,9466762.475,11468114.705882354,12626000.0,9650641.10526316,14271707.933333334,22794550.33333333,23354572.5,9231609.302325582,13496740.76119403,17498713.87755102,14150000.0,5916877.777777778,8796355.172413792,11984577.314814815,9800000.0,6740819.444444444,9295584.615384616,12161909.090909092,15116666.666666668,6581666.666666667,10341204.272727272,13027371.5,19324476.666666668,6805060.256410256,9254186.853448275,11455804.597701147,13273333.333333334,11878507.5,20364788.0,23527729.7,29378704.5,9994220.0,14235461.887323944,19107567.841666665,27540542.0625,8613244.166666666,10137903.333333334,16892267.14285714,21608184.0,6954815.206521739,9572333.333333334,11599740.722222222,15312500.0,10058391.302083334,12353123.5625,15355867.787878787,22900000.0,10770103.242105262,16876234.25490196,23782409.74789916,33881871.25,4461926.085808581,5836323.836990596,7000393.171232876,11298490.5,6158348.180722891,8317730.423529412,10905975.0,14714200.0,10125327.5,16717640.88235294,24479234.111111112,30912530.0,9215920.397959184,13008353.293103447,16927639.19402985,21466750.0,8133077.344827586,11333421.945945946,14304442.038461538,22456896.0,6611136.345454546,8227622.680412371,10442698.38095238,14660000.0,6271413.4375,10236961.772727272,12346315.454545457,14604452.5,8361440.425531914,10722918.032786883,13371045.454545457,12900000.0,8085603.7,10276913.15652174,15683404.782608695,20788029.166666668,6698754.34351145,8437767.314285714,11137380.88764045,13770666.666666666,8239762.790697674,11605870.885714283,18983222.0,18515506.666666668,7129490.476190476,9742231.631578946,12881221.87368421,14860000.0,7838528.142857143,10849756.315789474,14600000.0,19528436.444444444,7031175.744,9560784.347826088,12598270.847457629,17150000.0,7943500.0,13048118.0,17666358.5,23165185.5,8623214.710843373,12582809.094202898,15566351.675675675,19318911.83333333,9856155.0,15917704.888888888,19744433.125,29000917.0,8631789.899159664,12193310.734177217,16667253.288888888,20621285.64285714,9794210.335877862,15698816.82278481,18410825.86597938,31904456.5,9416264.68695652,14044660.36809816,19270809.18478261,24693750.0
2020-03-01,6268775.909090909,10122038.6,13273253.333333334,13849000.0,7278796.3125,10198391.81,11225134.703703703,13698571.42857143,6865212.972972973,9147167.266666668,14296154.520833334,23414677.777777776,7814363.636363637,10722846.153846154,15936674.015384614,16289909.090909092,7600219.543689321,12600229.190909091,17261038.288590603,20733143.1,7433424.378787879,10620922.691358024,13402050.0,16557142.857142856,6206966.222984563,8360702.273991655,10148654.75091575,11651608.5,6471205.479452055,9508815.140625,11590782.608695652,13995000.0,8098620.789473684,12142357.918367349,15841156.464285716,23101216.33333333,9237908.706896553,13116746.859375,18195976.744186047,21231666.666666668,6098690.1953125,8774574.0625,12202264.730612244,9800000.0,7122711.864406779,9186760.869565217,11256793.103448275,14800000.0,6448213.97260274,8454327.12328767,11066673.5,18738953.333333332,6820515.4639175255,9013195.6,11472338.777777778,15660000.0,11834180.0,18844885.846153848,26508244.63157895,29978984.5,9755008.83908046,14216391.304347826,18352946.4,24944285.42857143,7784616.608695652,12600378.368421054,15158123.043478262,21944667.0,7340916.633333334,9420745.136842106,12866672.727272728,13500000.0,8771327.612903226,14016226.43373494,14722429.24489796,15490520.0,10910362.787878787,19314906.07575757,22574583.97029703,30535000.0,5736876.111111111,7364968.225,8464230.066666666,11307888.0,6279100.020618557,8564233.63095238,11545069.76744186,13644394.75,9985113.574074076,17617276.6875,28948864.58333333,38992051.875,9390961.525641026,12148424.807017544,17199241.10909091,22785454.545454547,8019417.986486486,10108012.108695652,14395299.227272728,19664815.0,6511022.727272728,8596342.211111112,11072739.174603175,12626666.666666666,7174500.517241379,10654776.72413793,11641792.545454543,16108905.0,7721201.836734693,10262674.0,14095634.867924528,15475278.333333334,8715441.31147541,11542768.00892857,14577212.379310343,20733109.70588235,6706186.083333333,8482888.56687898,11240852.076923076,13679998.4,7903847.387254902,11705128.907368422,15439206.336363636,19165511.5625,7107253.5,10074502.6796875,12940546.112903226,17400000.0,8299349.310344827,12334451.470588235,15426046.76923077,20674844.0,7072200.376237623,9197743.78021978,12720236.0,19700000.0,9503039.608695652,12988792.28125,20965461.4,24066900.0,8681468.246753247,12517577.389380531,16674573.96226415,24383333.33333333,10276177.07142857,17181618.0,19548014.07692308,26843812.75,8916307.692307692,11649931.875,16312425.531914894,20528749.875,11713038.56551724,18614727.4375,21395284.08333333,32454443.33333333,10373652.152173912,13731230.694117649,18957822.232323237,27659307.42857143
2020-04-01,6431722.857142857,10209177.89473684,15765430.0,14748000.0,7054083.333333333,10275499.111111112,12354589.26190476,20346666.666666668,6021173.157894737,9472110.0,12842371.166666666,24123450.0,7561777.777777778,11007166.458333334,14409266.666666666,18147520.0,8144515.280487805,11778635.703703703,14920365.675324677,20021332.25,7707949.319148936,10110057.824561404,13192855.0,16075000.0,6597125.612987013,8426333.496828754,10322351.429347826,11365785.258064516,6798380.0,8939770.833333334,12750399.96,15700000.0,9410594.869565217,12292117.095238095,17604248.57142857,23188147.0,9917730.76923077,13594987.734693876,17299509.48387097,20997891.3,6268703.793103448,8725781.206896551,12604578.44155844,9800000.0,7042656.21875,9704444.444444444,11982608.260869564,15099666.666666666,6522015.114285714,8522973.65,11306376.8,18153430.0,6777899.888888889,9123435.897435898,11767098.039215686,16092842.857142856,10922928.655172411,15820145.211538462,20738900.384615384,28650467.4,10688541.326923076,15444538.826086955,20713670.296875,18094166.666666668,7802526.125,11762101.956521738,16398645.727272728,22160969.0,7155312.666666667,9094957.0,12140865.714285716,11260000.0,9125301.962962965,15316362.2125,18795911.0,39743900.0,10703290.568965515,19815611.55405405,25775101.33333333,34109923.07692308,6224447.19047619,7918376.714285715,8818688.8,11251299.0,5982348.0,8385350.914285715,10184740.413793104,13333000.0,10595303.285714284,20811852.655737706,29879756.05,38310705.0,10641444.444444444,12701589.01923077,17162406.6,19933333.33333333,7859992.777777778,10097465.296875,15112646.818181818,18686400.0,6492312.523809524,9537279.069767442,11349886.363636363,9000000.0,7459680.55,10267083.153846154,14696595.0,17188853.875,7921257.142857143,11055264.647058824,13519455.555555556,17732639.166666668,7580613.229166667,10624403.592307692,14169457.409090908,19799222.33333333,6494466.721311475,8747402.762886599,11675341.463414634,16180000.0,7647189.579710145,10627810.954545457,14714654.48275862,19099462.541666668,7581527.792207792,10297113.630136987,13712715.675675675,19800000.0,8565922.375,11632192.611111112,15379722.0,21361757.5,6794192.98245614,9818578.94736842,13018846.153846154,16516666.666666666,10025310.10526316,13253274.57142857,20809200.0,23456431.0,9225490.19047619,13662034.842105264,15365417.846153846,22698000.0,9900254.857142856,16987006.5,20806410.57142857,24686708.5,8841823.728813559,12108515.80412371,17315867.92156863,17466666.666666668,12250874.260869564,18891528.5,22185930.804597706,25994580.0,10956753.6,14782978.285714284,19725802.803030305,24312748.545454547
2020-05-01,7374106.304347826,10496496.681818182,13504291.777777778,15647000.0,7321818.181818182,9843192.146341464,12654981.965517242,16680000.0,6966461.0,8972772.94117647,13239137.826086955,18562425.0,8282724.638297873,10609533.333333334,15015318.490566038,19890000.0,7929959.433333334,11896819.4,13971173.3125,21551940.0,7323875.3877551025,9674648.28358209,13215055.952380951,14472143.666666666,6389626.561643835,8321689.767489712,10397421.912371134,11535161.463414634,6657254.901960785,9408001.266666668,13776111.111111112,10600000.0,8316963.19047619,12340505.909090908,14926699.965517242,24743795.0,9744748.5,12648903.625,17588804.480769232,21402535.923076924,6465238.059701492,8997637.701030929,12364236.153846154,9800000.0,7081685.657142857,9139615.358974358,12612393.333333334,11974250.0,7073999.5227272725,9026762.655737706,11776916.862068966,18117255.5,7442440.0,9070840.0,11881053.535714284,16010000.0,10480009.260869564,18691934.666666668,25830400.33333333,23172669.0,9751218.734375,14559481.805825245,21210072.022727277,19020000.0,8405132.236842105,12257406.94117647,16326118.0,22377271.0,7243000.85106383,9606596.61016949,12658597.5,12766666.666666666,9255381.818181818,15698698.585585585,19413814.25,24185824.0,11707873.23943662,19150324.731182795,25894404.75,32969994.42857143,6050243.318181818,7426651.875,8545747.333333334,11588372.0,5807064.619047619,8018184.75862069,10190844.675675675,13350000.0,11340812.666666666,14044495.535714284,21493243.90909091,37270260.0,9198457.979166666,13914992.192307692,19820239.95081967,18954255.73333333,8373927.948717949,10863710.666666666,15195461.42857143,12000000.0,6498693.548387097,8778845.04225352,11635234.021276595,13617250.0,7284364.615384615,10347414.555555556,12744497.11764706,18268802.75,8135951.282051282,10154644.422222223,14177777.777777778,19990000.0,8750669.9375,12254431.533333331,15604689.0,21267367.0,6725308.721649485,8979233.333333334,12475822.666666666,16330000.0,8257637.816666666,10819561.323529411,14533355.291666666,19033413.520833332,7540362.14953271,10210635.63551402,12535547.739726027,17832766.666666668,8483497.75,12346599.05,15767010.4,22048671.0,7415845.070422535,10378776.315789474,13045326.673076924,17655000.0,10128455.214285716,12627862.34375,18216561.8125,22845962.0,9304296.26923077,13672958.90410959,17992268.19354839,22631666.666666668,11176106.0,18638652.86956522,19857531.6,22529604.25,9310626.824324325,12312821.625,19442295.06557377,21801421.285714287,12259674.433962263,19272915.668032788,23691692.53763441,27268500.0,11118592.548780488,14832101.141666668,21396642.763157893,26944086.6
2020-06-01,7890108.733333333,9725568.208333334,13499442.05882353,16546000.0,7271983.03968254,10112226.548672566,11997955.54,13175000.0,7100342.646153846,9224197.25471698,13191598.135135137,13001400.0,8182327.204819277,11083252.646464646,15214778.846153846,17056250.0,7437174.512396694,11023952.43902439,15670932.015625,18730768.266666666,7429835.308641976,9784666.778846154,13675626.880597016,18875000.0,6552708.879084967,8241148.262396694,10080947.22413793,11296498.925925924,6591000.418181818,9216769.134615384,11803072.727272728,15922500.0,9125154.440677969,12086745.21875,16560267.958333334,23185329.818181816,9270133.333333334,12149551.442307692,18111454.05405405,25385436.363636363,6307360.23255814,8983310.430107526,12259565.727272728,9800000.0,7112442.666666667,9811380.936507937,11899591.489361702,14500000.0,7280260.268907563,9532707.17475728,12502654.435897436,18081081.0,7148470.141791045,9370498.944055945,11850337.197674418,14034833.333333334,13822583.538461538,19129154.89583333,26711142.8,25664040.0,10388520.161290323,14397803.827027028,20712199.25217391,22837333.33333333,8016085.1454545455,12248981.78,16803066.153846152,22593573.0,7519030.962962963,9365907.398148147,12072956.507246375,17241428.57142857,9384972.0625,16090737.445255475,17636148.1,38488000.0,13353149.397590362,20278213.29012345,25059202.564814813,25087975.423076924,5954757.222222222,7985589.904761905,8629479.857142856,11803821.0,6011419.4375,8525597.886524823,10968260.273972604,13966666.666666666,11200906.683848796,16014565.534188034,25582623.87755102,33285803.33333333,9716082.514563106,12769582.513513513,19143453.44329897,23240863.59090909,8545786.153846154,10710822.32142857,14521072.068965515,20765212.0,6809393.54032258,9051639.992,10940310.76744186,12893750.0,7673900.5,10714574.0625,13896253.958333334,16300403.333333334,7812957.727272727,10445802.325581396,13649477.272727272,19850000.0,7727349.069767442,9713268.902654868,12490640.208333334,16150411.666666666,6886689.589041096,8630771.256410256,11768998.554455446,14165714.285714284,8369843.226666667,11967006.892655369,17501240.44578313,18967364.5,7582497.979020979,10686919.947674418,13405263.127659574,15250000.0,8891690.19047619,12112517.818181818,20686220.82142857,22735584.5,7460099.290780142,9970043.29710145,12299575.727272728,17324166.666666668,10235851.56097561,13740764.923076924,21818201.35,21865245.5,9778601.279569892,12816912.958333334,17785413.240963854,24218181.818181816,9530918.153846154,17795757.0,21834172.066666663,20372500.0,8562344.4296875,11679644.67005076,18569033.63106796,25083333.33333333,13085920.134502923,22134913.957854405,26895055.707317077,26523666.2,11148541.255033556,15314213.423387095,20626330.056338027,27723102.07692308
2020-07-01,7974121.346153846,10437358.870967742,13755705.047619049,17445000.0,7219965.068493151,9932035.40314136,12610873.212598424,15834758.0625,6818239.568,8904294.147651007,12330907.44262295,16892252.5,8253127.118644068,10780861.523076924,14065612.603603603,17562500.0,7638609.324022346,11667375.41954023,15305944.478927204,18577346.82608696,7538315.6,10126361.317567568,13282750.276595743,16795365.0,6555033.878205128,8305779.033419023,10397061.064171122,11870689.5,6727542.857142857,9384918.828828828,12249627.118644068,14000000.0,9604707.236111112,12144026.92063492,17055120.19402985,22649012.38095238,9906731.488188976,13204250.176470589,18311050.73214286,20295222.222222224,6077334.5,9149575.053763442,12602550.404040404,9800000.0,7128587.293650794,9643198.113207549,12032697.90625,14779800.0,6543317.229813664,8498178.983146068,10216403.476190476,16326415.2,7161197.384615385,9476211.6875,11930119.658119658,13680909.090909092,13436898.44117647,15985095.88095238,22551351.34426229,26110701.714285716,10338843.177083334,14453499.99579832,22448710.19387755,23817560.0,8317340.733333333,11979305.1,17145038.29032258,22550682.0,7492818.468965517,9713282.888157897,11983269.98,16800588.23529412,10620166.948275862,16019523.384920634,20814166.722222224,26706664.769230768,11785245.848101266,17898465.497959185,25771232.42857143,30246057.89473684,6308610.521739131,8785391.714285715,10660415.5,13237724.0,6313213.950819672,8401567.148387097,10884773.23188406,14231666.666666666,11718118.043478262,19228488.83402489,30987022.848101266,38642872.307692304,9810431.156462586,13785083.22413793,18975797.84920635,21546676.727272727,9019846.897058824,11836634.507042252,15018136.470588235,19243908.0,6873139.397350993,8965317.744318182,11187910.25,14137500.0,7537682.955555555,10387567.130434783,13558495.357142856,16771335.555555556,7744897.884210526,10463013.64347826,12974493.220338983,14122000.0,8258666.952095808,9712433.362007167,15746451.91780822,14855909.307692308,6844897.064516129,9081325.114864863,11755697.818181818,16187777.777777778,8661134.92857143,11714603.592213117,15905546.962343097,18039360.33333333,7332494.176470588,10278356.560165975,12898835.013793103,14227480.76923077,8020822.096774193,11300615.4125,15604051.490566038,17020608.444444444,7415572.292307693,10281589.743589744,13780435.5,20153636.363636363,10569796.51724138,14355691.384615384,19047338.90909091,21085524.5,9314940.9,13508105.04733728,16465403.407407409,20550304.42857143,10441372.333333334,13630565.58695652,18443997.5625,27494078.0,9029887.190243902,12697220.783269962,16729555.61875,20052909.09090909,11326356.822695035,17953069.38585209,21881778.527272727,34971987.28571428,11143720.161290323,15652549.730639732,19878636.40588235,24941689.52380952
2020-08-01,8157896.304347826,10377134.714285716,14204913.833333334,18344000.0,7374544.117647059,9714114.285714284,12294538.430769231,12875000.0,8232473.84,9620858.50819672,12987515.0,17671912.75,7849695.434782608,11930829.765957449,13859454.0,17447500.0,8199211.9130434785,12159611.0,17081385.151515152,19138417.75,7754188.62745098,9865848.037037035,14386602.57142857,18031125.0,6694440.884955753,8484306.793548387,10389736.645833334,12536889.2,6472125.0,10328999.6875,11336111.111111112,13966666.666666666,9674268.217391305,15184843.513513513,16828847.6875,21357740.769230768,9871282.782608695,14066885.714285716,17908923.076923076,14242857.142857144,5849468.333333333,9612015.0,12321702.112676056,9800000.0,7346153.846153846,9493507.641025642,13300344.827586208,16349666.666666666,8234375.897435897,11716504.61461794,17526648.57051282,25038588.7,7081688.311688311,9903709.28,12898066.644444443,18142500.0,13411388.64864865,19467734.444444444,25142560.0,23887317.440476194,9990656.41025641,14154430.508474575,20905903.22580645,27590909.09090909,9008267.904761905,11873469.35,18614566.0,22507791.0,7588396.551724138,10134560.0,11680593.75,13933333.333333334,9876409.863636363,15918785.955555556,22319426.0,25050933.33333333,8797039.343511451,18632043.07228916,23157369.545454547,26589157.14285714,6984157.470588235,9057515.0,9585773.6,13688933.0,6529201.542857143,8922502.631578946,11531407.407407409,12766666.666666666,12609602.523809524,16140329.12121212,28527912.0,35955380.0,8449395.96,13350480.084745765,17596179.83870968,23258333.33333333,8732800.0,11482391.0,15420975.714285716,15144534.0,6873174.4,9229546.653333334,10412903.225806452,13683166.666666666,7623306.666666667,11514838.0,14413296.0,17242267.777777776,8363974.975,10390255.319148935,13114242.424242424,19579800.0,8101270.285714285,10294794.642857144,14650212.2,15018204.653846154,6930666.666666667,9222037.39,11930147.272727272,14050000.0,7972591.888888889,12041251.194444444,15063780.8,28829225.33333333,7455593.865168539,10558201.39361702,12557652.938461538,20050000.0,8486354.666666666,11971381.361111112,13287351.538461538,25622388.0,7535589.743589744,9576126.892307691,13181509.41509434,17797500.0,9915090.0,13709105.0,18742576.666666668,24140160.0,9071104.58064516,13431622.71875,18040708.57142857,15000000.0,11025465.486111112,15251584.358974358,19094986.951219518,31439666.666666668,9366482.035294116,12520320.636363637,17350744.262295082,21120800.0,14010056.86029412,20731424.48,23838094.51807229,28886548.64285714,10357929.977777775,16310832.87826087,21226066.47945205,28670833.33333333
2020-09-01,7998684.0344827585,10657952.222222222,13583700.8,19243000.0,7613589.947368421,9902172.661870504,12281000.54385965,16153795.0,8086822.8,10105523.621359223,14870001.02173913,18451573.0,7712889.822033898,11395374.669642856,14832837.4,20700000.0,7994215.333333333,13073089.176470589,14767099.307692308,13156000.0,7301636.0281690145,10182913.98275862,13502510.88,18562500.0,6916156.1486486485,8480992.545454545,9930053.19844358,13030857.181818182,7020085.445454545,9763810.801801804,12309050.557142856,14110333.333333332,10454729.526785716,14429922.86554622,18077745.120689657,24519183.0,9313181.633027524,13050143.707142858,17088948.932038836,20437500.0,6475864.41025641,7193978.666666667,8964937.5,9800000.0,7412337.06741573,10230082.352941176,13379771.407407409,15680000.0,7359166.354166667,9517218.615384616,11930908.272727272,22099984.35,7699702.554878049,9690092.971910112,12118434.663265308,14569444.444444444,12149923.40425532,15628722.55357143,23658327.40350877,21663933.166666668,10051870.751515152,14734507.05063291,21091161.00621118,26009090.90909091,8945330.481481481,11374514.385714283,17745231.875,22464900.0,8123978.403846154,9626833.472868215,13795572.61904762,16066666.666666666,11454042.224719102,18856948.759776536,20090627.77319588,22517847.416666668,11054131.872727271,17874221.179775283,24013251.6015625,29677781.807692308,6770087.0,8521399.5,9656164.0,14140142.0,6540936.579365079,8966151.083333334,11472114.25,14675000.0,11854717.06122449,15176306.890625,21637757.9375,30500463.33333333,8644958.374301676,14049512.865853658,18682839.77966102,21533333.33333333,8176054.7169811325,11917255.0,14636001.333333334,11045160.0,7235685.884615385,9196271.414285714,11174058.333333334,14549750.0,7650854.827586207,10382311.05263158,13692644.545454543,17713200.0,8278808.50617284,11052034.090909092,13752396.226415094,18116496.2,8764076.333333334,11832591.793650793,15552173.325,15180500.0,6993126.203592815,9275139.551181102,11950265.412698412,16350000.0,7821251.828358209,10655964.864,13238729.323943662,30916444.666666664,7175115.573033708,10491617.661904762,14051477.30263158,23599888.888888888,8838017.866666667,11595465.191011235,14947986.875,15657600.0,7730475.543478261,9642137.99074074,13372476.616822427,17565325.75,11330995.777777778,15628996.524590164,20598653.777777776,23721966.666666668,9512543.75257732,13142550.146666666,17585206.617021278,19089285.714285716,11920135.156862743,15839450.53125,20774463.641509432,31119710.4,8992261.134715026,13296471.862348178,16539758.51923077,21463583.91304348,12359469.722222222,16968851.05147059,20657829.69473684,22801110.0,10594899.744680852,16199808.548736462,22320186.78612717,25980592.592592597
2020-10-01,8219163.976190476,10761405.07142857,14599714.347826088,20142000.0,7686814.893617021,10108070.298507463,13776780.675438596,17805625.0,8561165.625,10628467.678321678,14336131.396226415,17003300.0,8961526.464285715,10446452.357142856,14690174.223404257,18872222.222222224,8198358.174603174,11184916.023809524,14480149.884615384,15303000.0,7732639.988764045,10575560.301724138,13247281.25,18514200.0,6875949.190243903,8720817.677777778,10126269.479166666,12926124.444444444,7289533.644628099,10205014.732673269,12717108.108108109,14254000.0,10422626.562015504,13960600.470338983,20369223.376344085,23809431.17647059,10149635.372340426,15542125.151724136,19448705.95726496,20079400.0,12726902.785714284,14508102.5,15200000.0,9800000.0,7773347.222222222,10667597.014925374,13709137.931034485,13797500.0,7570524.646464647,9476546.296296297,11986427.884615384,19161380.0,7436216.296296297,10304653.20967742,13045344.01980198,15801485.714285716,10652078.608108109,16722854.511627909,25395122.30894309,21065453.33333333,10375785.528985508,15786565.217391305,22840160.38311688,24622809.52380952,9118911.165289257,11933593.177272728,16789471.76190476,24720450.0,8226424.37804878,10168719.24691358,12480928.163265308,15537500.0,9502493.750877192,15027575.522491349,21482963.20359281,26888180.260869566,13956555.450980391,19438083.283950616,25230879.5625,31377536.651162792,7154135.95,8779381.0,10867863.714285716,14591351.0,6624580.981481481,8915479.417322835,11368722.845360825,13575000.0,11417455.210526315,13968932.203539822,20102290.31111111,26485754.0,10465112.140186915,12487562.687898088,18079592.902654868,21996016.625,8360604.074074074,11954520.163934426,15206169.705882354,17388872.0,7151970.873786408,9514842.904761905,11603460.96875,14838571.285714284,7254217.7011494255,9578657.56375839,11931394.764044944,17181660.8,8044722.597402598,11538943.494117647,14581850.746268656,14247500.0,8514691.768421052,11071260.72,15405358.745762711,15254866.666666666,7463483.08,8994165.909090908,12709418.117117116,18698888.888888888,8748837.64680851,11410507.560165975,14627238.036697248,33003664.0,8101386.486842105,10843314.853107344,14774020.959349591,17467500.0,8600871.289156627,11452574.273584906,14405290.29113924,15657600.0,7612395.445945946,10027373.085201794,13908457.114583334,18605294.11764706,11812208.92857143,15107676.14473684,22340811.08,25542685.875,10334114.51,13774115.061643835,18454799.871794872,21083333.33333333,11605881.048192771,15244518.237623762,19853705.97297297,33114078.2,9918034.715277778,13728168.179282868,17486506.233128835,20998225.80645161,11524838.979381444,16693605.026086956,21097133.96969697,24319123.33333333,11424388.847058823,17292022.825503357,22040610.04918033,27317565.774193548
2020-11-01,8990731.538461538,11174579.629629629,14699263.846153846,21041000.0,8025825.242718447,11266392.908333331,13835986.7,20482308.0,9195873.333333334,11734175.454545457,14625045.555555556,17331458.75,8896496.337349398,11508940.05882353,15137445.535353536,18020526.315789472,9611829.906976745,12744416.727272728,17785445.666666668,17450000.0,7828975.35,11151875.07368421,15884204.108108109,16563571.42857143,6887119.285714285,8620592.26923077,10701564.675,13684348.833333334,7531514.422680412,10642229.72972973,12983054.054054054,16650000.0,11093159.615384616,14049656.294871794,20606958.78181818,24818875.818181816,10336928.57142857,14060802.513513513,19973788.835051548,20293000.0,11810205.352941176,11957145.857142856,7778760.0,9800000.0,8844853.43678161,11257096.666666666,13295502.904761905,14125000.0,8119181.846153846,11397370.140186915,14285818.056603774,19403880.0,7897390.803680981,10452478.048780488,13043778.94736842,16676666.583333334,11258153.902439024,16077001.268292682,22298789.931034483,19706865.0,11365030.167785237,16029475.760180997,22188564.027777776,30535000.0,9780851.992063493,13319506.752747253,18873089.432098765,26976000.0,7925804.326086956,10157337.296703296,12651304.557142856,16608180.636363637,10632211.376033058,16908341.296153847,19471278.783216786,29174151.34782609,14778252.348148149,22245835.18032787,27401713.81300813,29411153.846153848,7031279.5,8065945.357142857,8650927.0,13489264.0,7371338.224299066,9283381.276190476,12010075.17142857,14511250.0,11866732.3,14571111.693333331,21234698.65517241,26643290.0,10585993.86734694,13489849.018292682,21036821.3,22292884.70588235,8251756.444444444,11047240.851063829,13927533.333333334,12662950.0,7488089.089108911,9797304.541984731,12194175.24742268,14149999.8,7309477.581395348,9478569.525252525,11927229.772727272,17877570.0,8371903.072289157,12038952.747126436,14727323.076923076,19946750.0,8823930.666666666,11968909.492537314,15843660.57142857,15530057.424242424,7607333.256944444,9476860.115207374,13575943.759615384,16594444.444444444,8698372.508333333,11046794.489208631,13978768.38181818,26424332.0,8089460.150684931,11686921.505747126,15530255.555555556,19033166.666666668,8694063.035714285,12401070.48076923,17242212.45,17487030.0,8218853.761538462,10738583.333333334,15355361.421686746,24974750.0,11777093.548387095,15861314.3625,21203235.963636365,25845667.5,10289447.430379746,13470711.56862745,18739605.80487805,20532416.666666668,10059809.094339622,14553832.172839506,16966646.129032258,28114766.0,9943990.13836478,13813720.316062177,18059618.951219518,24105000.0,10453705.695121951,18175113.75221239,22791459.57746479,21714192.0,12842960.43292683,17478324.974468086,22514368.12087912,30536599.96
2020-12-01,8976921.42857143,11729503.103448275,15937276.933333334,21940000.0,8509070.408450704,11452977.272727272,13672434.789473685,14434583.333333334,9105076.5,11151160.0,17911057.23404255,17659617.5,9546014.55882353,11699317.444444444,15168098.019607844,21199999.85714286,9974693.755813954,13421151.405797102,17084265.875,21329454.545454547,8347290.358695652,11388558.42857143,14640227.272727272,16111111.111111112,6970017.954166667,8697123.29972752,10620608.075471696,14829521.166666666,7558402.815789473,10750050.549295774,12818250.0,17950000.0,10776611.425925924,14943349.116997791,21312255.10833333,25744106.875,10298487.792682927,17294646.388888888,20655835.72619048,25804454.545454547,7430874.818181818,13455225.158536583,13500983.561643835,9800000.0,8916212.702702703,11074745.762711864,13376075.862068966,15600000.0,7646698.664705883,9520830.826666666,12300616.965909092,19646380.0,7974296.183206107,10114179.591836736,12616082.164383562,17415625.0,10563971.35135135,13342014.597701147,19861739.02631579,20456114.666666668,11633741.114285717,17027676.12562814,23032871.631205674,24881500.0,8789820.731884059,11411799.76190476,17720643.781512607,28823833.333333332,8128696.202531646,11000125.0,14488908.290909093,15366666.333333334,11371613.48366013,16157592.156334233,22560805.552380957,27248760.22580645,15279177.314814815,21535061.08965517,26899510.31111111,31705600.0,6653429.8,8438945.055555556,10975313.0,14669244.0,7385608.108108108,9909578.94736842,12973452.357142856,24000000.0,12258936.837606838,14823151.56626506,19205933.865168534,30497718.57142857,10992084.813953487,14725015.38016529,20312358.969072163,24644171.1,8772834.918032788,11171807.276785716,14879915.921052633,12184831.666666666,7802653.333333333,9899115.662650602,11532082.125,12329999.8,7244967.342412451,9174230.950331124,11395471.333333334,17984640.0,8713434.782608695,12444594.188405797,15042114.936170213,21450714.285714287,8793687.87919463,11750935.23902439,15725372.75,15805248.181818182,7756794.858974359,9693341.260869564,12876282.352941176,17348333.333333332,8779043.90291262,11377743.6882793,14384810.418439716,19845000.0,8599412.991869919,11205640.937007874,14654414.285714284,16520000.0,8550220.025531914,11740527.083333334,15263849.026737968,20297280.57142857,7987371.172413793,10450070.83464567,14993819.655737706,21660000.0,11579447.08955224,15325646.49790795,20641554.05940594,21370256.5,11319852.792079208,14882609.452554744,21263810.89247312,26060000.0,11750629.824074076,15769962.75572519,19702366.35483871,30613552.0,10116729.91772152,13293509.78034682,18930351.754385963,21621727.272727277,12886014.573221758,20006776.698347107,26691134.12582781,24487320.0,12292845.153225806,17906129.13824885,24950370.611111112,28463777.777777776
2021-01-01,8922337.07142857,11131282.5,15252217.777777778,21940000.0,7830349.214285715,10554878.048780488,13773733.444444444,17228606.0,9663430.0,13018145.294117646,16709436.0,28200000.0,9934782.608695652,12168068.644067796,15538604.627906976,21816666.666666668,8833723.216216216,12060399.466666669,15100384.666666666,20587951.811188813,8228969.108108108,11571831.0,15216834.684210526,12200000.0,7334555.596774193,8719450.58888889,11111591.17948718,14937912.333333334,8092162.162162162,11038724.95,15257826.08695652,20250000.0,9848507.333333334,12807033.62264151,15597531.225806452,22415480.0,10232450.0,15461220.338983051,19747297.2972973,24676998.57142857,6832856.666666667,8902235.5,12300000.0,9800000.0,9238260.869565217,11458668.3,12897499.95,13500000.0,7331238.738095238,9594231.2109375,10972334.666666666,11475750.0,7944456.64,11074942.79032258,13476499.923076924,15733333.333333334,11552227.041666666,15018213.842105264,21066189.666666668,25114577.14285714,11216977.01470588,17180130.445652176,22386712.90322581,23576000.0,8572474.586956521,11479306.0,17375673.2,30671666.666666668,8822139.98,11227999.97826087,14166864.233333332,18561818.09090909,10419969.876404494,15108116.11764706,21605923.35714286,22920152.444444444,14792593.181818182,19899004.64197531,25946696.79310345,30928333.33333333,7541266.666666667,9745373.2,12500000.0,15849224.0,7608976.7441860465,10289828.593220338,12914500.0,12300000.0,12361586.216216216,16996690.9375,23330349.777777776,31685682.0,10369241.860465117,15224672.114754098,21547738.536585364,20920000.0,9638148.0,12172317.5,16477730.476190476,15492415.833333332,7992269.27118644,9630176.977272728,13466414.814814815,21000000.0,7566842.807017544,9642917.586206896,11461426.166666666,19046562.0,8560914.257142857,12644567.567567568,16247821.42857143,17266666.666666668,9139215.5625,12003470.0,15748597.0,15326000.0,7927917.479166667,10605788.547945203,14437486.320754716,23513333.33333333,8384934.121621622,11828830.2371134,16378305.421052633,34492500.0,9035486.472972972,11944563.157894736,16395351.135135137,18750000.0,8244244.925925926,11412918.047619049,15291099.916666666,18518612.5,8850237.735849056,10838360.606060604,12860129.756756756,24060000.0,11473901.789473685,16837876.076923076,20704157.2,23791065.0,11064871.794871794,15570892.839285716,17437709.93023256,24360000.0,10909384.333333334,15394543.909090908,17803038.136363637,23000000.0,10163815.446153846,15472682.77,21313729.166666668,23452428.42857143,11580528.064516127,18679116.13207547,21998837.25,28240000.0,13132222.206349207,19090747.74117647,25033731.92753623,23364285.714285716
2021-02-01,9608128.4,12664414.0,17154874.583333332,21940000.0,8539226.101694915,10774963.165048543,13902750.492307693,15849090.909090908,9228161.818181818,11914012.0,19689170.0,24500000.0,10847508.45762712,12827772.625,17261962.24528302,22507500.0,9537752.45945946,12411890.66037736,16493158.452830188,19846449.07692308,8576957.223300971,12458143.67816092,15521057.771929825,14946775.777777778,7364122.051724138,9064953.376470588,12352693.072727272,15985646.5,8301364.265822785,11115987.4875,15172307.692307692,16105747.0,12038194.885167465,15270141.434977578,22052733.5,22799800.0,11489075.375,15585101.449275363,20864494.16455696,19695000.0,7143853.125,9737157.142857144,11936362.5,9800000.0,8968733.333333334,11865056.603773585,14158750.0,19437500.0,7252555.385620915,9648660.369942196,12869721.892857144,11483570.0,8475636.329545455,11386415.166666666,13449198.767857144,14886250.0,12072423.953488372,15178441.078947367,20157253.45833333,26129030.0,10950954.287234042,15574259.69047619,23031307.6372549,38992500.0,9308686.2,11954167.797619049,16469465.095238095,32519500.0,8776948.107142856,11548364.864864863,14557346.734693876,21779000.0,11416746.47752809,15917759.815,21277083.411764707,24524640.0,14226915.492957748,21025063.80991736,28276533.98888889,36290950.76923077,7480531.222222222,8445576.8,11042351.0,16109261.333333334,7768768.0869565215,10568535.365853658,12421800.0,17730000.0,12076563.050847458,16860563.424242426,21729028.955555554,29015795.0,11493606.216216216,16009398.613861386,21172186.108108107,23475728.666666668,10287120.0,12415877.125,17074694.666666668,18800000.0,8354154.929577465,10677570.00980392,12691866.649122806,14507200.0,8653946.5,11311786.0,14792046.5,20108484.0,10187725.49019608,13236559.983333332,16695355.555555556,25900000.0,9890292.24390244,13040299.421052633,17432879.789473683,18061400.0,8200723.675675675,10831192.057142856,12974339.796116505,19450000.0,9235172.62,12876992.986928103,18769642.441860463,49140000.0,9247990.712962965,12654767.528169014,16433634.92063492,20818625.875,8593242.582159624,11682950.8839779,15833008.964705884,25299114.0,8568961.564356435,11070849.844036696,16899808.04225352,23249030.0,12655524.138461538,17491917.1875,23406022.71111111,24739717.714285716,12104423.158536583,15237610.74509804,20832517.67142857,29408470.8,12715016.849557525,15903874.669230768,20342343.29411765,33000000.0,10446743.48275862,14731587.42857143,20354695.93129771,25785377.777777776,11922727.946808511,17651083.024193548,24444255.168539327,32054400.0,13928262.66037736,19062494.155660376,24261869.64935065,32457599.285714287
2021-03-01,9679241.62,12671816.111111112,16836682.285714287,22412000.0,8886507.6,11509017.01234568,13739632.228571428,15617456.0,9353617.869565217,12338909.971428571,17869994.708333332,25095300.0,9952535.693877552,12737467.07086614,17834284.649484538,19400000.0,10407812.229166666,12853974.095238095,15785165.725,18449786.615384616,9017140.76470588,12607877.34375,16693773.492753625,16221166.666666666,7641678.135338346,9214032.45320197,12888866.4,15657220.0,8601893.203883495,11476350.868421054,15014473.39473684,18266666.666666668,11939414.680297395,16444018.086455332,21406131.43726236,24827694.533898305,11651333.218390804,17107243.907894738,21484521.201754387,24160000.0,7699431.666666667,8581728.157894736,11572725.0,9800000.0,9245927.51219512,12092424.72972973,14460087.424242424,14100000.0,7563034.564102564,10021864.703030303,11580529.122807018,11483570.0,8528050.849056603,11237871.959731543,13603079.99,18775000.0,12831316.660714284,18583773.87769784,28119235.36585366,28246246.0,12042679.6875,17315060.52682927,23283913.965753425,29612500.0,9058771.6,12336579.282608695,15759531.623529412,32519500.0,8994951.984,11668116.606299212,14015022.359550562,18710000.0,11505102.922779923,15795338.074380163,20058485.719008263,22712124.888888888,14922726.465346534,22256569.29605263,29217481.028301887,31368235.23529412,7359884.478260869,9463803.25925926,11441245.23076923,16369298.666666666,7840818.154545454,10700550.61764706,13301278.57142857,17800000.0,12366449.861538462,18346636.5308642,28514634.827586208,39630370.5882353,10490442.719626168,16713259.61764706,22195008.754385963,28706450.0,10459215.714285716,12607864.333333334,17905912.727272727,17150000.0,8174528.0,11280251.747747747,13818900.9009009,13133488.888888888,8499525.604938272,11215767.09174312,15431159.553191489,19760654.666666664,9751388.888888888,12709281.08108108,16274726.326530611,18987500.0,9273635.789473685,13726987.205128206,17558066.904761903,18158400.0,8276374.44055944,10645897.129186602,12849603.411290323,13453333.333333334,9430888.336065574,12977587.576923076,19769390.23140496,19993015.0,9132422.477987422,12046783.742105262,15449394.214285716,21008250.0,8462083.163461538,11544289.311926603,14289684.89361702,24510820.0,8717326.705882354,11679024.658682637,16727042.021276595,24121456.25,12738264.06557377,17670104.893442623,24022422.57575757,25309086.4,11908743.902439024,15655975.7109375,21977855.56910569,27628000.0,12332777.454545457,16625051.078431372,21280589.208955225,32074799.0,11055822.012578616,14959940.74248927,21566921.30327869,23211111.111111112,11748434.17977528,18035161.99159664,26942007.59090909,30439590.0,13262852.538461538,18383076.17441861,24974769.64285714,26719473.684210528
2021-04-01,10036754.047619049,12935176.41509434,16770979.629629629,24300000.0,9236311.102409638,12063051.89516129,15082500.0,17892000.0,10902230.625,13324467.916666666,19024249.33333333,26542000.0,9576610.175925924,13751379.166666666,17504163.042105265,23019266.666666668,9310008.076923076,12322715.461538462,16617738.5,15152852.5,9095241.92,12988862.57798165,15647789.51898734,19176927.09090909,8403019.257009346,10449920.371841157,13627515.995614037,17411460.333333332,8667465.397959184,11693196.962121213,15850674.395348838,20716666.666666668,11460117.02631579,15149633.100775192,20761974.711864408,24037206.923076924,12021534.23275862,17504380.528571427,22242698.46153846,24686666.666666668,7832642.857142857,21769045.0,15495750.0,9800000.0,9273096.76344086,11920370.0,16117568.24074074,16530000.0,7364272.544169611,9604085.25,12663100.357142856,11483570.0,8876678.248447206,11938406.568047335,13672491.76635514,17659925.0,13869633.076923076,16170614.576470587,22452469.14285714,26782293.85714286,12492557.440251572,17261899.252032522,24003765.443181816,28192631.57894737,8949901.6407767,12208920.884955753,16214800.5,32519500.0,9179669.05785124,11857985.614285717,15298989.5625,23625882.29411765,12796217.56133829,17858016.678688526,24177222.348484848,26852317.666666668,16832997.944,22856219.507936507,29810544.30882353,32936363.63636364,7577824.0,8999730.263157895,11383244.333333334,16629336.0,7935046.488372093,11071048.398373984,13944970.119402984,19000000.0,12302662.61764706,16649544.337349398,18982296.842105266,27800466.0,11687929.846153846,16642242.06557377,23354255.63157895,26730873.33333333,10720579.090909092,14658327.5,17935106.842105262,15500000.0,8184380.638709677,11023562.08064516,13791630.14678899,18522848.0,9016241.484210528,11320981.884892086,15028677.472222222,19412825.33333333,10106498.542857142,13161616.45882353,16508393.650793651,24119500.0,9859240.806451611,13281021.425531914,17453234.35714286,18917425.0,8649615.669491526,10914503.508264463,14377366.025641026,17335583.0,9709778.947619049,12951566.103448275,16673457.094488189,21208322.5,9551384.91089109,12613429.296296297,15853695.741666667,18388773.0,8533398.487084871,11834370.08064516,16059666.666666666,22793920.0,9119963.121019108,11604628.163366336,17297302.93137255,26637437.5,14891122.49180328,18519462.777777776,23574072.314285714,37600000.0,11789727.078651683,16568771.410596026,22016164.79699248,22576000.0,11717222.392857144,16348487.10958904,20935944.86842105,36921866.0,11465960.538888888,14403051.25,19834076.70967742,22590600.0,11653141.495327102,17322128.04,25090615.58536585,32368830.0,13418400.757575758,18827109.83333333,25690856.54222222,32764285.666666668
2021-05-01,10281890.0,13337124.0,16619515.714285716,24300000.0,13250000.0,12366666.666666666,13150000.0,15295000.0,10902230.625,14489090.0,20124970.0,26542000.0,12800000.0,13751379.166666666,16900000.0,23019266.666666668,10222480.0,11889743.333333334,17231806.666666668,15152852.5,9574202.666666666,9990000.0,21200000.0,19176927.09090909,8290991.602564103,11250053.16,15002417.592592591,18466045.266666666,9241666.666666666,12945000.0,15667000.0,20716666.666666668,10582840.0,15325012.6,18641304.85714286,24037206.923076924,7629000.0,17888888.888888888,19050000.0,24686666.666666668,9050000.0,10200000.0,15958100.0,9800000.0,8100000.0,12213333.333333334,17400000.0,16530000.0,7563278.0,9969631.25,13189215.0,11483570.0,10250000.0,12550000.0,15500000.0,26000000.0,11089082.5,13467136.25,18959788.75,26500240.0,9918000.0,18694444.444444444,31987500.0,21000000.0,9846544.285714284,14239954.333333334,22226213.0,32519500.0,9200000.0,17775000.0,18810000.0,30000000.0,13734930.545454543,21422494.40540541,27900223.67857143,26852317.666666668,18828991.916666668,26981200.0,32066000.0,32800000.0,8052953.0,8999730.263157895,11383244.333333334,16629336.0,8181666.5,12560000.0,11800000.0,19000000.0,11595427.7,15213260.0,18163223.57142857,24484635.0,10399997.25,19667000.0,23428999.83333333,26730873.33333333,10720579.090909092,12538350.0,19042636.0,15500000.0,7466666.666666667,10600000.0,14799000.0,18522848.0,8331160.0,12876729.444444444,16816864.05,20540520.0,9275000.0,13249500.0,15183333.333333334,24119500.0,10282930.0,13060541.111111112,18286253.33333333,18917425.0,8549500.0,12072222.142857144,11720000.0,17335583.0,10793028.732394366,13390410.857142856,17083587.411764707,21348600.0,9166666.333333334,13300000.0,13126500.0,18388773.0,10424729.523809524,12952561.6,18036270.0,19739760.0,10048333.333333334,12076000.0,14124983.166666666,26637437.5,15576891.666666666,19228553.0,24545010.0,48054040.0,13050000.0,17719721.083333332,21268259.12,22576000.0,12301048.888888888,14362710.0,17968172.5,36921866.0,10650000.0,13875000.0,21925000.0,22590600.0,9089038.0,14706076.666666666,21280143.0,32368830.0,13925000.0,17726666.666666668,23722175.0,32764285.666666668
